Year,State,Vehicle Type,Registrations,EV_Penetration_Rate,Charging_Stations,FAME_II_Policy,Monthly Income Bracket (Main Buyer),Age Group,City Type,Psychographic Segment,Cluster,Infra_Score,Composite_Score,Penetration_2025,Penetration_2030
2014,Delhi,2W,13656,1.01,82,0,40000-60000,36-45,Rural,Practical,1,4.1206030150753765,4.1206030150753765,1.0516180904522614,2.6290452261306534
2014,Delhi,3W,2274,1.0,86,0,>100000,60+,Urban,Cost-conscious,1,4.321608040201005,4.321608040201005,1.04321608040201,2.608040201005025
2014,Delhi,4W,3681,0.28,94,0,40000-60000,60+,Urban,Eco-conscious,1,4.723618090452261,4.723618090452261,0.29322613065326636,0.7330653266331659
2014,Maharashtra,2W,8088,0.45,10,0,40000-60000,36-45,Rural,Tech-savvy,1,0.5025125628140703,0.5025125628140703,0.4522613065326633,1.1306532663316582
2014,Maharashtra,3W,14689,2.5,53,0,<20000,36-45,Rural,Practical,1,2.6633165829145726,2.6633165829145726,2.566582914572864,6.41645728643216
2014,Maharashtra,4W,2269,0.74,34,0,60000-100000,36-45,Urban,Luxury-focused,1,1.7085427135678393,1.7085427135678393,0.752643216080402,1.881608040201005
2014,Karnataka,2W,9791,1.91,24,0,60000-100000,18-25,Semi-Urban,Tech-savvy,1,1.2060301507537687,1.2060301507537687,1.933035175879397,4.8325879396984925
2014,Karnataka,3W,12638,0.32,135,0,40000-60000,60+,Rural,Practical,1,6.78391959798995,6.78391959798995,0.3417085427135678,0.8542713567839195
2014,Karnataka,4W,11278,0.56,61,0,<20000,36-45,Semi-Urban,Practical,1,3.0653266331658293,3.0653266331658293,0.5771658291457287,1.4429145728643218
2014,Tamil Nadu,2W,9570,1.8,45,0,20000-40000,36-45,Semi-Urban,Cost-conscious,1,2.261306532663317,2.261306532663317,1.8407035175879398,4.601758793969849
2014,Tamil Nadu,3W,9050,1.13,131,0,40000-60000,18-25,Semi-Urban,Tech-savvy,1,6.582914572864322,6.582914572864322,1.2043869346733669,3.010967336683417
2014,Tamil Nadu,4W,6469,2.4,91,0,20000-40000,60+,Urban,Eco-conscious,1,4.572864321608041,4.572864321608041,2.509748743718593,6.274371859296482
2014,Gujarat,2W,456,1.62,119,0,60000-100000,18-25,Semi-Urban,Luxury-focused,1,5.979899497487437,5.979899497487437,1.7168743718592965,4.292185929648241
2014,Gujarat,3W,988,0.2,43,0,20000-40000,26-35,Urban,Cost-conscious,1,2.1608040201005023,2.1608040201005023,0.20432160804020102,0.5108040201005025
2014,Gujarat,4W,9158,1.42,38,0,40000-60000,26-35,Semi-Urban,Eco-conscious,1,1.9095477386934674,1.9095477386934674,1.4471155778894473,3.6177889447236184
2014,Uttar Pradesh,2W,12235,2.15,71,0,40000-60000,18-25,Rural,Luxury-focused,1,3.567839195979899,3.567839195979899,2.2267085427135678,5.566771356783919
2014,Uttar Pradesh,3W,433,2.23,101,0,20000-40000,46-60,Rural,Luxury-focused,1,5.075376884422111,5.075376884422111,2.3431809045226126,5.857952261306531
2014,Uttar Pradesh,4W,11393,0.14,68,0,>100000,18-25,Rural,Cost-conscious,1,3.4170854271356785,3.4170854271356785,0.14478391959798997,0.36195979899497494
2014,West Bengal,2W,12924,2.1,68,0,40000-60000,26-35,Urban,Cost-conscious,1,3.4170854271356785,3.4170854271356785,2.1717587939698495,5.429396984924624
2014,West Bengal,3W,14492,2.36,107,0,>100000,36-45,Semi-Urban,Practical,1,5.376884422110552,5.376884422110552,2.4868944723618087,6.217236180904521
2014,West Bengal,4W,9564,1.01,125,0,40000-60000,18-25,Urban,Luxury-focused,1,6.281407035175879,6.281407035175879,1.0734422110552764,2.683605527638191
2014,Rajasthan,2W,5605,1.56,14,0,40000-60000,36-45,Rural,Luxury-focused,1,0.7035175879396985,0.7035175879396985,1.5709748743718592,3.927437185929648
2014,Rajasthan,3W,6046,2.33,126,0,40000-60000,46-60,Urban,Cost-conscious,1,6.331658291457286,6.331658291457286,2.4775276381909546,6.193819095477386
2014,Rajasthan,4W,7434,0.9,31,0,>100000,46-60,Semi-Urban,Eco-conscious,1,1.5577889447236182,1.5577889447236182,0.9140201005025127,2.2850502512562816
2014,Punjab,2W,13773,0.57,15,0,<20000,18-25,Semi-Urban,Tech-savvy,1,0.7537688442211055,0.7537688442211055,0.5742964824120603,1.4357412060301509
2014,Punjab,3W,8127,1.04,111,0,20000-40000,26-35,Urban,Cost-conscious,1,5.577889447236181,5.577889447236181,1.0980100502512564,2.745025125628141
2014,Punjab,4W,10723,1.45,4,0,40000-60000,36-45,Urban,Cost-conscious,1,0.20100502512562815,0.20100502512562815,1.4529145728643216,3.6322864321608037
2014,Telangana,2W,5141,2.29,63,0,<20000,36-45,Rural,Practical,1,3.165829145728643,3.165829145728643,2.362497487437186,5.906243718592965
2014,Telangana,3W,8425,1.43,116,0,20000-40000,46-60,Semi-Urban,Cost-conscious,1,5.8291457286432165,5.8291457286432165,1.5133567839195978,3.7833919597989945
2014,Telangana,4W,7797,0.7,70,0,>100000,26-35,Urban,Practical,1,3.5175879396984926,3.5175879396984926,0.7246231155778894,1.8115577889447234
2015,Delhi,2W,6088,0.22,82,0,>100000,60+,Urban,Tech-savvy,1,4.1206030150753765,4.1206030150753765,0.22906532663316584,0.5726633165829146
2015,Delhi,3W,12929,1.23,144,0,20000-40000,36-45,Rural,Tech-savvy,1,7.236180904522612,7.236180904522612,1.319005025125628,3.2975125628140702
2015,Delhi,4W,6474,0.79,122,0,20000-40000,18-25,Rural,Luxury-focused,1,6.130653266331659,6.130653266331659,0.8384321608040202,2.0960804020100503
2015,Maharashtra,2W,13084,1.78,110,0,<20000,46-60,Rural,Luxury-focused,1,5.527638190954774,5.527638190954774,1.8783919597989949,4.6959798994974875
2015,Maharashtra,3W,7363,0.52,97,0,40000-60000,36-45,Semi-Urban,Luxury-focused,1,4.874371859296482,4.874371859296482,0.5453467336683417,1.3633668341708542
2015,Maharashtra,4W,12585,2.06,5,0,<20000,18-25,Semi-Urban,Tech-savvy,1,0.25125628140703515,0.25125628140703515,2.065175879396985,5.162939698492463
2015,Karnataka,2W,4283,1.65,110,0,<20000,26-35,Semi-Urban,Eco-conscious,1,5.527638190954774,5.527638190954774,1.7412060301507535,4.3530150753768835
2015,Karnataka,3W,14619,2.43,12,0,20000-40000,60+,Urban,Luxury-focused,1,0.6030150753768844,0.6030150753768844,2.4446532663316582,6.111633165829145
2015,Karnataka,4W,1347,1.18,128,0,20000-40000,36-45,Semi-Urban,Eco-conscious,1,6.432160804020101,6.432160804020101,1.2558994974874371,3.139748743718593
2015,Tamil Nadu,2W,3582,2.24,104,0,20000-40000,36-45,Semi-Urban,Practical,1,5.226130653266332,5.226130653266332,2.3570653266331663,5.892663316582915
2015,Tamil Nadu,3W,4143,1.19,77,0,60000-100000,60+,Urban,Cost-conscious,1,3.869346733668342,3.869346733668342,1.2360452261306532,3.0901130653266327
2015,Tamil Nadu,4W,4886,1.82,14,0,20000-40000,60+,Semi-Urban,Eco-conscious,1,0.7035175879396985,0.7035175879396985,1.8328040201005025,4.582010050251256
2015,Gujarat,2W,7239,1.11,38,0,20000-40000,60+,Urban,Eco-conscious,1,1.9095477386934674,1.9095477386934674,1.1311959798994977,2.827989949748744
2015,Gujarat,3W,11393,2.03,7,0,>100000,46-60,Urban,Eco-conscious,1,0.35175879396984927,0.35175879396984927,2.0371407035175877,5.0928517587939695
2015,Gujarat,4W,10054,1.31,146,0,20000-40000,18-25,Semi-Urban,Tech-savvy,1,7.3366834170854265,7.3366834170854265,1.4061105527638191,3.5152763819095476
2015,Uttar Pradesh,2W,4292,0.58,123,0,40000-60000,46-60,Semi-Urban,Practical,1,6.180904522613066,6.180904522613066,0.6158492462311557,1.5396231155778892
2015,Uttar Pradesh,3W,8535,2.28,22,0,<20000,46-60,Urban,Practical,1,1.105527638190955,1.105527638190955,2.3052060301507535,5.763015075376884
2015,Uttar Pradesh,4W,5208,0.14,61,0,20000-40000,60+,Semi-Urban,Practical,1,3.0653266331658293,3.0653266331658293,0.14429145728643217,0.36072864321608045
2015,West Bengal,2W,7022,1.35,107,0,20000-40000,60+,Rural,Luxury-focused,1,5.376884422110552,5.376884422110552,1.4225879396984926,3.5564698492462314
2015,West Bengal,3W,7128,0.34,82,0,<20000,36-45,Semi-Urban,Tech-savvy,1,4.1206030150753765,4.1206030150753765,0.3540100502512563,0.8850251256281407
2015,West Bengal,4W,7036,1.65,134,0,40000-60000,60+,Semi-Urban,Practical,1,6.733668341708543,6.733668341708543,1.7611055276381908,4.402763819095477
2015,Rajasthan,2W,11262,0.84,123,0,20000-40000,46-60,Rural,Practical,1,6.180904522613066,6.180904522613066,0.8919195979899497,2.229798994974874
2015,Rajasthan,3W,11730,1.12,129,0,<20000,18-25,Semi-Urban,Tech-savvy,1,6.482412060301508,6.482412060301508,1.192603015075377,2.981507537688443
2015,Rajasthan,4W,12216,1.18,80,0,>100000,36-45,Semi-Urban,Practical,1,4.0201005025125625,4.0201005025125625,1.227437185929648,3.06859296482412
2015,Punjab,2W,7816,0.83,118,0,40000-60000,60+,Semi-Urban,Eco-conscious,1,5.92964824120603,5.92964824120603,0.87921608040201,2.1980402010050253
2015,Punjab,3W,2295,0.19,129,0,<20000,60+,Rural,Cost-conscious,1,6.482412060301508,6.482412060301508,0.20231658291457288,0.5057914572864322
2015,Punjab,4W,1366,0.91,106,0,<20000,36-45,Rural,Cost-conscious,1,5.326633165829145,5.326633165829145,0.9584723618090454,2.3961809045226135
2015,Telangana,2W,6681,1.11,99,0,40000-60000,36-45,Rural,Eco-conscious,1,4.974874371859297,4.974874371859297,1.1652211055276385,2.9130527638190964
2015,Telangana,3W,11453,2.08,87,0,60000-100000,18-25,Semi-Urban,Luxury-focused,1,4.371859296482413,4.371859296482413,2.170934673366834,5.427336683417085
2015,Telangana,4W,1776,2.1,135,0,>100000,36-45,Rural,Luxury-focused,1,6.78391959798995,6.78391959798995,2.2424623115577886,5.606155778894472
2016,Delhi,2W,8780,0.94,98,0,>100000,26-35,Urban,Eco-conscious,1,4.924623115577889,4.924623115577889,0.9862914572864321,2.4657286432160803
2016,Delhi,3W,14645,0.8,110,0,>100000,46-60,Semi-Urban,Tech-savvy,1,5.527638190954774,5.527638190954774,0.8442211055276382,2.1105527638190953
2016,Delhi,4W,10871,1.63,14,0,40000-60000,18-25,Rural,Practical,1,0.7035175879396985,0.7035175879396985,1.641467336683417,4.103668341708542
2016,Maharashtra,2W,1820,1.66,80,0,60000-100000,46-60,Rural,Eco-conscious,1,4.0201005025125625,4.0201005025125625,1.7267336683417083,4.31683417085427
2016,Maharashtra,3W,11990,1.59,150,0,40000-60000,46-60,Semi-Urban,Practical,1,7.537688442211055,7.537688442211055,1.7098492462311559,4.2746231155778895
2016,Maharashtra,4W,10855,1.58,60,0,60000-100000,46-60,Semi-Urban,Luxury-focused,1,3.015075376884422,3.015075376884422,1.6276381909547737,4.069095477386934
2016,Karnataka,2W,2737,0.44,112,0,20000-40000,60+,Urban,Cost-conscious,1,5.628140703517588,5.628140703517588,0.46476381909547737,1.1619095477386934
2016,Karnataka,3W,10777,2.13,39,0,>100000,36-45,Urban,Tech-savvy,1,1.9597989949748744,1.9597989949748744,2.1717437185929644,5.429359296482411
2016,Karnataka,4W,4595,0.98,134,0,<20000,60+,Rural,Practical,1,6.733668341708543,6.733668341708543,1.0459899497487437,2.6149748743718595
2016,Tamil Nadu,2W,1456,0.77,119,0,>100000,26-35,Semi-Urban,Cost-conscious,1,5.979899497487437,5.979899497487437,0.8160452261306532,2.040113065326633
2016,Tamil Nadu,3W,8747,0.28,21,0,20000-40000,26-35,Rural,Eco-conscious,1,1.0552763819095476,1.0552763819095476,0.28295477386934675,0.7073869346733669
2016,Tamil Nadu,4W,590,2.01,2,0,20000-40000,26-35,Rural,Practical,1,0.10050251256281408,0.10050251256281408,2.0120201005025122,5.030050251256281
2016,Gujarat,2W,9834,1.78,93,0,60000-100000,60+,Rural,Tech-savvy,1,4.673366834170854,4.673366834170854,1.8631859296482414,4.6579648241206035
2016,Gujarat,3W,2129,0.3,139,0,20000-40000,36-45,Rural,Tech-savvy,1,6.984924623115578,6.984924623115578,0.32095477386934673,0.8023869346733669
2016,Gujarat,4W,7085,1.7,26,0,<20000,46-60,Rural,Eco-conscious,1,1.306532663316583,1.306532663316583,1.7222110552763816,4.305527638190954
2016,Uttar Pradesh,2W,13676,0.5,108,0,40000-60000,46-60,Urban,Luxury-focused,1,5.427135678391959,5.427135678391959,0.5271356783919598,1.3178391959798996
2016,Uttar Pradesh,3W,14550,1.84,115,0,60000-100000,46-60,Rural,Tech-savvy,1,5.778894472361809,5.778894472361809,1.9463316582914576,4.865829145728644
2016,Uttar Pradesh,4W,1984,0.7,51,0,>100000,36-45,Semi-Urban,Tech-savvy,1,2.562814070351759,2.562814070351759,0.7179396984924622,1.7948492462311556
2016,West Bengal,2W,3294,1.48,66,0,20000-40000,18-25,Semi-Urban,Cost-conscious,1,3.3165829145728645,3.3165829145728645,1.5290854271356784,3.822713567839196
2016,West Bengal,3W,765,2.08,6,0,20000-40000,26-35,Rural,Practical,1,0.3015075376884422,0.3015075376884422,2.0862713567839197,5.215678391959799
2016,West Bengal,4W,6128,0.93,91,0,20000-40000,60+,Urban,Practical,1,4.572864321608041,4.572864321608041,0.9725276381909548,2.431319095477387
2016,Rajasthan,2W,13926,1.67,31,0,40000-60000,60+,Rural,Tech-savvy,1,1.5577889447236182,1.5577889447236182,1.6960150753768846,4.240037688442212
2016,Rajasthan,3W,9939,1.95,73,0,>100000,26-35,Rural,Practical,1,3.6683417085427132,3.6683417085427132,2.0215326633165827,5.053831658291457
2016,Rajasthan,4W,7768,0.62,127,0,>100000,18-25,Rural,Cost-conscious,1,6.381909547738693,6.381909547738693,0.6595678391959799,1.6489195979899498
2016,Punjab,2W,5437,2.25,108,0,20000-40000,26-35,Semi-Urban,Practical,1,5.427135678391959,5.427135678391959,2.3721105527638193,5.9302763819095485
2016,Punjab,3W,4949,0.14,29,0,>100000,46-60,Urban,Eco-conscious,1,1.4572864321608041,1.4572864321608041,0.14204020100502515,0.35510050251256287
2016,Punjab,4W,11765,1.42,41,0,40000-60000,18-25,Rural,Tech-savvy,1,2.0603015075376883,2.0603015075376883,1.449256281407035,3.6231407035175875
2016,Telangana,2W,9742,1.62,105,0,60000-100000,18-25,Urban,Cost-conscious,1,5.276381909547738,5.276381909547738,1.7054773869346733,4.263693467336683
2016,Telangana,3W,13005,2.19,50,0,40000-60000,36-45,Rural,Eco-conscious,1,2.512562814070352,2.512562814070352,2.245025125628141,5.612562814070352
2016,Telangana,4W,1686,0.97,56,0,60000-100000,18-25,Rural,Practical,1,2.814070351758794,2.814070351758794,0.9972964824120604,2.493241206030151
2017,Delhi,2W,13497,0.68,82,0,20000-40000,18-25,Urban,Luxury-focused,1,4.1206030150753765,4.1206030150753765,0.7080201005025126,1.7700502512562815
2017,Delhi,3W,8675,1.02,111,0,>100000,36-45,Semi-Urban,Eco-conscious,1,5.577889447236181,5.577889447236181,1.076894472361809,2.6922361809045228
2017,Delhi,4W,12982,1.59,102,0,60000-100000,26-35,Semi-Urban,Tech-savvy,1,5.125628140703518,5.125628140703518,1.671497487437186,4.178743718592965
2017,Maharashtra,2W,3920,0.57,43,0,60000-100000,60+,Urban,Eco-conscious,1,2.1608040201005023,2.1608040201005023,0.5823165829145728,1.455791457286432
2017,Maharashtra,3W,12653,1.28,23,0,60000-100000,46-60,Rural,Cost-conscious,1,1.1557788944723617,1.1557788944723617,1.2947939698492463,3.236984924623116
2017,Maharashtra,4W,1011,0.16,78,0,20000-40000,18-25,Rural,Practical,1,3.919597989949749,3.919597989949749,0.16627135678391958,0.41567839195979894
2017,Karnataka,2W,5222,2.08,146,0,60000-100000,36-45,Semi-Urban,Tech-savvy,1,7.3366834170854265,7.3366834170854265,2.2326030150753766,5.5815075376884415
2017,Karnataka,3W,5843,1.01,77,0,20000-40000,46-60,Semi-Urban,Eco-conscious,1,3.869346733668342,3.869346733668342,1.0490804020100504,2.622701005025126
2017,Karnataka,4W,8057,1.3,66,0,>100000,60+,Rural,Eco-conscious,1,3.3165829145728645,3.3165829145728645,1.3431155778894472,3.357788944723618
2017,Tamil Nadu,2W,1456,0.67,92,0,60000-100000,18-25,Urban,Practical,1,4.623115577889447,4.623115577889447,0.7009748743718592,1.7524371859296481
2017,Tamil Nadu,3W,14655,1.47,88,0,60000-100000,26-35,Urban,Eco-conscious,1,4.42211055276382,4.42211055276382,1.5350050251256282,3.8375125628140703
2017,Tamil Nadu,4W,2212,0.54,101,0,<20000,26-35,Rural,Tech-savvy,1,5.075376884422111,5.075376884422111,0.5674070351758794,1.4185175879396985
2017,Gujarat,2W,4289,1.19,123,0,60000-100000,60+,Semi-Urban,Cost-conscious,1,6.180904522613066,6.180904522613066,1.2635527638190953,3.1588819095477385
2017,Gujarat,3W,13889,2.36,19,0,60000-100000,46-60,Urban,Practical,1,0.9547738693467337,0.9547738693467337,2.3825326633165824,5.956331658291456
2017,Gujarat,4W,11856,1.92,42,0,>100000,26-35,Rural,Cost-conscious,1,2.1105527638190953,2.1105527638190953,1.9605226130653264,4.901306532663316
2017,Uttar Pradesh,2W,13261,1.88,23,0,60000-100000,18-25,Rural,Cost-conscious,1,1.1557788944723617,1.1557788944723617,1.9017286432160803,4.7543216080402
2017,Uttar Pradesh,3W,14491,0.43,97,0,<20000,36-45,Urban,Practical,1,4.874371859296482,4.874371859296482,0.4509597989949749,1.1273994974874373
2017,Uttar Pradesh,4W,1974,0.38,34,0,60000-100000,36-45,Semi-Urban,Eco-conscious,1,1.7085427135678393,1.7085427135678393,0.3864924623115578,0.9662311557788945
2017,West Bengal,2W,6861,1.21,122,0,60000-100000,18-25,Semi-Urban,Tech-savvy,1,6.130653266331659,6.130653266331659,1.2841809045226131,3.210452261306533
2017,West Bengal,3W,6365,2.36,28,0,40000-60000,36-45,Urban,Cost-conscious,1,1.407035175879397,1.407035175879397,2.3932060301507536,5.983015075376884
2017,West Bengal,4W,2682,0.58,51,0,>100000,36-45,Urban,Eco-conscious,1,2.562814070351759,2.562814070351759,0.5948643216080401,1.4871608040201003
2017,Rajasthan,2W,8672,1.99,74,0,20000-40000,18-25,Semi-Urban,Eco-conscious,1,3.7185929648241203,3.7185929648241203,2.064,5.16
2017,Rajasthan,3W,10050,1.16,68,0,<20000,36-45,Semi-Urban,Eco-conscious,1,3.4170854271356785,3.4170854271356785,1.1996381909547738,2.9990954773869345
2017,Rajasthan,4W,11874,1.71,109,0,>100000,18-25,Rural,Cost-conscious,1,5.477386934673366,5.477386934673366,1.8036633165829146,4.509158291457286
2017,Punjab,2W,11613,0.94,92,0,40000-60000,26-35,Rural,Practical,1,4.623115577889447,4.623115577889447,0.9834572864321607,2.458643216080402
2017,Punjab,3W,12079,1.63,28,0,>100000,60+,Rural,Cost-conscious,1,1.407035175879397,1.407035175879397,1.652934673366834,4.132336683417085
2017,Punjab,4W,10104,2.0,31,0,20000-40000,60+,Urban,Practical,1,1.5577889447236182,1.5577889447236182,2.0311557788944725,5.077889447236181
2017,Telangana,2W,13850,1.11,138,0,>100000,36-45,Rural,Eco-conscious,1,6.934673366834171,6.934673366834171,1.1869748743718596,2.967437185929649
2017,Telangana,3W,5261,2.25,71,0,40000-60000,60+,Urban,Tech-savvy,1,3.567839195979899,3.567839195979899,2.3302763819095476,5.825690954773869
2017,Telangana,4W,7122,0.4,144,0,40000-60000,46-60,Urban,Cost-conscious,1,7.236180904522612,7.236180904522612,0.42894472361809044,1.072361809045226
2018,Delhi,2W,80534,7.89,591,0,40000-60000,46-60,Rural,Cost-conscious,0,29.69849246231156,29.69849246231156,10.233211055276382,25.583027638190956
2018,Delhi,3W,69156,0.81,966,0,>100000,18-25,Urban,Luxury-focused,3,48.54271356783919,48.54271356783919,1.2031959798994976,3.007989949748744
2018,Delhi,4W,82235,0.64,202,0,60000-100000,26-35,Rural,Practical,1,10.150753768844222,10.150753768844222,0.704964824120603,1.7624120603015077
2018,Maharashtra,2W,16475,10.38,360,0,40000-60000,18-25,Rural,Tech-savvy,2,18.090452261306535,18.090452261306535,12.257788944723618,30.644472361809044
2018,Maharashtra,3W,85416,11.95,1935,0,20000-40000,26-35,Rural,Cost-conscious,0,97.23618090452261,97.23618090452261,23.56972361809045,58.924309045226124
2018,Maharashtra,4W,63355,6.55,1794,0,20000-40000,36-45,Rural,Practical,0,90.15075376884421,90.15075376884421,12.454874371859297,31.137185929648243
2018,Karnataka,2W,79875,3.47,962,0,<20000,26-35,Rural,Practical,0,48.34170854271357,48.34170854271357,5.147457286432162,12.868643216080404
2018,Karnataka,3W,13563,11.23,1768,0,40000-60000,36-45,Semi-Urban,Luxury-focused,2,88.84422110552764,88.84422110552764,21.207206030150754,53.01801507537689
2018,Karnataka,4W,4881,11.18,562,0,<20000,36-45,Urban,Eco-conscious,2,28.241206030150757,28.241206030150757,14.337366834170856,35.84341708542714
2018,Tamil Nadu,2W,6181,2.9,1597,0,40000-60000,60+,Semi-Urban,Luxury-focused,3,80.25125628140704,80.25125628140704,5.2272864321608035,13.068216080402008
2018,Tamil Nadu,3W,80594,5.78,378,0,20000-40000,18-25,Urban,Practical,0,18.99497487437186,18.99497487437186,6.877909547738693,17.194773869346733
2018,Tamil Nadu,4W,20775,3.71,1538,0,<20000,26-35,Rural,Luxury-focused,3,77.28643216080403,77.28643216080403,6.57732663316583,16.443316582914576
2018,Gujarat,2W,1836,9.37,598,0,20000-40000,60+,Rural,Practical,2,30.050251256281406,30.050251256281406,12.185708542713567,30.464271356783918
2018,Gujarat,3W,80902,8.48,1345,0,60000-100000,46-60,Urban,Luxury-focused,0,67.58793969849246,67.58793969849246,14.21145728643216,35.528643216080404
2018,Gujarat,4W,9308,6.49,599,0,20000-40000,36-45,Urban,Tech-savvy,1,30.100502512562816,30.100502512562816,8.443522613065328,21.10880653266332
2018,Uttar Pradesh,2W,37413,2.6,965,0,20000-40000,60+,Semi-Urban,Cost-conscious,1,48.49246231155779,48.49246231155779,3.860804020100503,9.652010050251258
2018,Uttar Pradesh,3W,43606,2.66,1634,0,20000-40000,26-35,Urban,Practical,3,82.1105527638191,82.1105527638191,4.8441407035175885,12.110351758793971
2018,Uttar Pradesh,4W,10006,9.22,1863,0,>100000,46-60,Rural,Eco-conscious,2,93.6180904522613,93.6180904522613,17.851587939698494,44.62896984924623
2018,West Bengal,2W,6618,5.02,510,0,>100000,18-25,Urban,Tech-savvy,1,25.628140703517587,25.628140703517587,6.306532663316582,15.766331658291454
2018,West Bengal,3W,67707,7.48,732,0,40000-60000,18-25,Semi-Urban,Tech-savvy,0,36.78391959798995,36.78391959798995,10.231437185929648,25.57859296482412
2018,West Bengal,4W,39106,1.89,654,0,60000-100000,60+,Rural,Luxury-focused,1,32.8643216080402,32.8643216080402,2.51113567839196,6.277839195979899
2018,Rajasthan,2W,39216,1.33,65,0,40000-60000,46-60,Urban,Luxury-focused,1,3.2663316582914574,3.2663316582914574,1.3734422110552766,3.433605527638192
2018,Rajasthan,3W,13029,4.97,489,0,60000-100000,46-60,Urban,Practical,1,24.57286432160804,24.57286432160804,6.191271356783919,15.478178391959798
2018,Rajasthan,4W,17718,1.21,1674,0,60000-100000,26-35,Rural,Cost-conscious,3,84.12060301507537,84.12060301507537,2.227859296482412,5.56964824120603
2018,Punjab,2W,68258,4.53,495,0,20000-40000,26-35,Semi-Urban,Eco-conscious,0,24.87437185929648,24.87437185929648,5.656809045226131,14.142022613065329
2018,Punjab,3W,53871,3.32,1586,0,<20000,36-45,Rural,Luxury-focused,0,79.69849246231155,79.69849246231155,5.965989949748743,14.914974874371858
2018,Punjab,4W,17173,1.01,1001,0,>100000,26-35,Rural,Practical,1,50.30150753768844,50.30150753768844,1.5180452261306532,3.7951130653266327
2018,Telangana,2W,5591,0.73,1196,0,60000-100000,60+,Urban,Practical,1,60.10050251256281,60.10050251256281,1.1687336683417084,2.921834170854271
2018,Telangana,3W,1073,7.52,789,0,60000-100000,60+,Urban,Eco-conscious,1,39.64824120603015,39.64824120603015,10.501547738693466,26.253869346733666
2018,Telangana,4W,47287,8.0,1880,0,40000-60000,18-25,Semi-Urban,Luxury-focused,0,94.47236180904522,94.47236180904522,15.557788944723619,38.89447236180905
2019,Delhi,2W,54838,4.56,896,1,60000-100000,36-45,Rural,Tech-savvy,3,45.02512562814071,45.02512562814071,6.613145728643215,16.532864321608038
2019,Delhi,3W,60944,0.88,913,1,<20000,18-25,Rural,Cost-conscious,3,45.879396984924625,45.879396984924625,1.2837386934673367,3.2093467336683417
2019,Delhi,4W,19614,6.82,1087,1,<20000,18-25,Semi-Urban,Tech-savvy,2,54.62311557788945,54.62311557788945,10.54529648241206,26.363241206030146
2019,Maharashtra,2W,86608,4.09,346,1,40000-60000,26-35,Rural,Luxury-focused,0,17.386934673366834,17.386934673366834,4.801125628140703,12.002814070351757
2019,Maharashtra,3W,35725,8.08,464,1,<20000,18-25,Semi-Urban,Tech-savvy,2,23.316582914572866,23.316582914572866,9.963979899497486,24.909949748743717
2019,Maharashtra,4W,84969,4.64,1174,1,20000-40000,60+,Semi-Urban,Cost-conscious,0,58.99497487437186,58.99497487437186,7.377366834170854,18.443417085427136
2019,Karnataka,2W,82070,5.92,1504,1,>100000,26-35,Semi-Urban,Luxury-focused,0,75.57788944723617,75.57788944723617,10.394211055276381,25.985527638190952
2019,Karnataka,3W,8213,6.23,608,1,40000-60000,36-45,Urban,Practical,2,30.55276381909548,30.55276381909548,8.13343718592965,20.333592964824124
2019,Karnataka,4W,30973,5.37,1590,1,<20000,36-45,Urban,Eco-conscious,3,79.89949748743719,79.89949748743719,9.660603015075377,24.151507537688445
2019,Tamil Nadu,2W,83230,7.65,334,1,40000-60000,60+,Semi-Urban,Eco-conscious,0,16.78391959798995,16.78391959798995,8.933969849246232,22.33492462311558
2019,Tamil Nadu,3W,10476,4.87,1322,1,40000-60000,46-60,Urban,Tech-savvy,3,66.4321608040201,66.4321608040201,8.105246231155778,20.263115577889444
2019,Tamil Nadu,4W,34362,8.75,535,1,40000-60000,36-45,Semi-Urban,Tech-savvy,2,26.884422110552762,26.884422110552762,11.102386934673367,27.75596733668342
2019,Gujarat,2W,85062,8.03,561,1,20000-40000,26-35,Semi-Urban,Eco-conscious,0,28.190954773869347,28.190954773869347,10.293733668341709,25.73433417085427
2019,Gujarat,3W,15671,5.71,49,1,20000-40000,60+,Rural,Luxury-focused,2,2.4623115577889445,2.4623115577889445,5.850597989949749,14.626494974874372
2019,Gujarat,4W,56851,4.51,1329,1,<20000,26-35,Semi-Urban,Eco-conscious,0,66.78391959798995,66.78391959798995,7.521954773869346,18.804886934673366
2019,Uttar Pradesh,2W,89968,11.05,1870,1,<20000,36-45,Rural,Tech-savvy,0,93.96984924623115,93.96984924623115,21.433668341708543,53.584170854271356
2019,Uttar Pradesh,3W,76285,11.13,1607,1,<20000,60+,Semi-Urban,Tech-savvy,0,80.75376884422111,80.75376884422111,20.11789447236181,50.29473618090453
2019,Uttar Pradesh,4W,80236,1.1,1384,1,<20000,18-25,Urban,Eco-conscious,0,69.54773869346734,69.54773869346734,1.865025125628141,4.662562814070352
2019,West Bengal,2W,42755,7.81,490,1,40000-60000,36-45,Urban,Luxury-focused,2,24.623115577889447,24.623115577889447,9.733065326633167,24.332663316582916
2019,West Bengal,3W,76565,11.62,1875,1,>100000,60+,Semi-Urban,Luxury-focused,0,94.22110552763819,94.22110552763819,22.568492462311557,56.42123115577889
2019,West Bengal,4W,23093,7.86,278,1,40000-60000,36-45,Semi-Urban,Tech-savvy,2,13.969849246231156,13.969849246231156,8.95803015075377,22.395075376884424
2019,Rajasthan,2W,56897,9.04,566,1,20000-40000,26-35,Urban,Practical,2,28.442211055276385,28.442211055276385,11.611175879396983,29.027939698492457
2019,Rajasthan,3W,59727,6.82,575,1,40000-60000,18-25,Semi-Urban,Cost-conscious,2,28.894472361809044,28.894472361809044,8.790603015075376,21.97650753768844
2019,Rajasthan,4W,70629,5.08,1443,1,60000-100000,18-25,Rural,Tech-savvy,0,72.51256281407035,72.51256281407035,8.763638190954774,21.909095477386934
2019,Punjab,2W,37472,10.12,1425,1,40000-60000,26-35,Urban,Luxury-focused,2,71.60804020100502,71.60804020100502,17.36673366834171,43.41683417085427
2019,Punjab,3W,70920,7.26,1888,1,>100000,18-25,Semi-Urban,Cost-conscious,0,94.87437185929647,94.87437185929647,14.147879396984923,35.369698492462305
2019,Punjab,4W,82433,9.83,1487,1,<20000,46-60,Semi-Urban,Eco-conscious,0,74.72361809045226,74.72361809045226,17.175331658291455,42.93832914572864
2019,Telangana,2W,50284,7.66,569,1,60000-100000,26-35,Rural,Practical,2,28.592964824120603,28.592964824120603,9.850221105527638,24.625552763819094
2019,Telangana,3W,15616,1.04,1307,1,60000-100000,18-25,Semi-Urban,Eco-conscious,3,65.678391959799,65.678391959799,1.7230552763819098,4.3076381909547745
2019,Telangana,4W,89527,2.28,1828,1,>100000,18-25,Semi-Urban,Tech-savvy,0,91.85929648241206,91.85929648241206,4.374391959798995,10.935979899497488
2020,Delhi,2W,29761,8.09,1106,1,20000-40000,26-35,Rural,Tech-savvy,2,55.57788944723618,55.57788944723618,12.586251256281408,31.46562814070352
2020,Delhi,3W,37990,1.2,212,1,<20000,60+,Rural,Eco-conscious,3,10.65326633165829,10.65326633165829,1.3278391959798994,3.3195979899497488
2020,Delhi,4W,59653,3.63,1624,1,>100000,60+,Rural,Cost-conscious,0,81.60804020100502,81.60804020100502,6.592371859296482,16.480929648241204
2020,Maharashtra,2W,63330,2.55,248,1,60000-100000,26-35,Urban,Cost-conscious,3,12.462311557788945,12.462311557788945,2.867788944723618,7.169472361809045
2020,Maharashtra,3W,26899,7.93,830,1,>100000,36-45,Urban,Cost-conscious,2,41.70854271356784,41.70854271356784,11.237487437185928,28.09371859296482
2020,Maharashtra,4W,71211,5.07,1356,1,40000-60000,36-45,Semi-Urban,Luxury-focused,0,68.14070351758794,68.14070351758794,8.524733668341709,21.311834170854272
2020,Karnataka,2W,23533,7.4,210,1,>100000,36-45,Semi-Urban,Practical,2,10.552763819095476,10.552763819095476,8.180904522613066,20.452261306532662
2020,Karnataka,3W,81014,2.98,1913,1,20000-40000,26-35,Semi-Urban,Practical,0,96.13065326633165,96.13065326633165,5.8446934673366835,14.611733668341708
2020,Karnataka,4W,8318,7.39,527,1,20000-40000,26-35,Rural,Cost-conscious,2,26.482412060301506,26.482412060301506,9.347050251256281,23.3676256281407
2020,Tamil Nadu,2W,50260,11.28,133,1,60000-100000,18-25,Rural,Luxury-focused,2,6.683417085427136,6.683417085427136,12.03388944723618,30.08472361809045
2020,Tamil Nadu,3W,71484,11.74,959,1,20000-40000,46-60,Urban,Luxury-focused,0,48.19095477386935,48.19095477386935,17.397618090452262,43.49404522613065
2020,Tamil Nadu,4W,14757,11.54,895,1,40000-60000,46-60,Rural,Cost-conscious,2,44.9748743718593,44.9748743718593,16.730100502512563,41.825251256281405
2020,Gujarat,2W,44569,9.84,1518,1,40000-60000,18-25,Semi-Urban,Luxury-focused,2,76.28140703517587,76.28140703517587,17.346090452261304,43.36522613065326
2020,Gujarat,3W,20459,1.36,598,1,60000-100000,46-60,Semi-Urban,Cost-conscious,3,30.050251256281406,30.050251256281406,1.768683417085427,4.421708542713568
2020,Gujarat,4W,47306,6.95,809,1,40000-60000,18-25,Semi-Urban,Tech-savvy,2,40.65326633165829,40.65326633165829,9.775402010050252,24.43850502512563
2020,Uttar Pradesh,2W,75078,4.69,1370,1,60000-100000,36-45,Urban,Practical,0,68.84422110552764,68.84422110552764,7.918793969849247,19.796984924623118
2020,Uttar Pradesh,3W,77544,4.76,45,1,20000-40000,18-25,Rural,Eco-conscious,0,2.261306532663317,2.261306532663317,4.867638190954774,12.169095477386936
2020,Uttar Pradesh,4W,51148,6.73,96,1,>100000,26-35,Rural,Cost-conscious,2,4.824120603015075,4.824120603015075,7.054663316582914,17.636658291457287
2020,West Bengal,2W,18411,9.13,1424,1,<20000,36-45,Urban,Practical,2,71.55778894472363,71.55778894472363,15.663226130653268,39.15806532663317
2020,West Bengal,3W,49045,4.41,1653,1,40000-60000,26-35,Urban,Practical,0,83.06532663316582,83.06532663316582,8.073180904522614,20.182952261306536
2020,West Bengal,4W,15947,10.7,1812,1,20000-40000,46-60,Semi-Urban,Luxury-focused,2,91.05527638190955,91.05527638190955,20.44291457286432,51.107286432160805
2020,Rajasthan,2W,46810,8.36,979,1,>100000,46-60,Urban,Eco-conscious,2,49.19597989949749,49.19597989949749,12.472783919597989,31.18195979899497
2020,Rajasthan,3W,56444,9.07,1130,1,60000-100000,36-45,Semi-Urban,Luxury-focused,0,56.78391959798995,56.78391959798995,14.22030150753769,35.550753768844224
2020,Rajasthan,4W,42345,6.19,119,1,<20000,60+,Urban,Cost-conscious,2,5.979899497487437,5.979899497487437,6.560155778894472,16.40038944723618
2020,Punjab,2W,33779,11.22,1443,1,60000-100000,36-45,Rural,Cost-conscious,2,72.51256281407035,72.51256281407035,19.355909547738694,48.38977386934673
2020,Punjab,3W,78297,6.13,1340,1,>100000,26-35,Rural,Luxury-focused,0,67.33668341708542,67.33668341708542,10.257738693467337,25.644346733668343
2020,Punjab,4W,84440,6.23,1586,1,>100000,18-25,Semi-Urban,Tech-savvy,0,79.69849246231155,79.69849246231155,11.19521608040201,27.988040201005028
2020,Telangana,2W,49046,0.88,1041,1,<20000,36-45,Semi-Urban,Cost-conscious,3,52.31155778894472,52.31155778894472,1.3403417085427136,3.350854271356784
2020,Telangana,3W,77145,6.73,1814,1,60000-100000,36-45,Urban,Tech-savvy,0,91.15577889447236,91.15577889447236,12.86478391959799,32.16195979899497
2020,Telangana,4W,59576,4.72,726,1,20000-40000,18-25,Rural,Tech-savvy,0,36.482412060301506,36.482412060301506,6.441969849246231,16.10492462311558
2021,Delhi,2W,89617,1.01,1394,1,>100000,26-35,Rural,Practical,0,70.0502512562814,70.0502512562814,1.7175075376884423,4.2937688442211055
2021,Delhi,3W,54528,3.79,1921,1,>100000,46-60,Rural,Tech-savvy,0,96.53266331658291,96.53266331658291,7.448587939698493,18.621469849246232
2021,Delhi,4W,51040,9.49,352,1,40000-60000,36-45,Semi-Urban,Cost-conscious,2,17.68844221105528,17.68844221105528,11.168633165829146,27.921582914572866
2021,Maharashtra,2W,88262,4.05,1683,1,>100000,36-45,Rural,Practical,0,84.57286432160804,84.57286432160804,7.4752010050251245,18.68800251256281
2021,Maharashtra,3W,34347,6.3,808,1,40000-60000,36-45,Semi-Urban,Practical,2,40.60301507537689,40.60301507537689,8.857989949748744,22.144974874371858
2021,Maharashtra,4W,28271,2.84,1445,1,60000-100000,60+,Semi-Urban,Cost-conscious,3,72.61306532663316,72.61306532663316,4.902211055276382,12.255527638190955
2021,Karnataka,2W,70384,5.87,1406,1,>100000,36-45,Urban,Eco-conscious,0,70.65326633165829,70.65326633165829,10.01734673366834,25.04336683417085
2021,Karnataka,3W,89909,5.84,326,1,>100000,18-25,Rural,Luxury-focused,0,16.381909547738694,16.381909547738694,6.7967035175879404,16.99175879396985
2021,Karnataka,4W,10284,8.78,684,1,60000-100000,46-60,Urban,Eco-conscious,2,34.37185929648241,34.37185929648241,11.797849246231154,29.494623115577884
2021,Tamil Nadu,2W,52931,7.78,932,1,>100000,18-25,Semi-Urban,Eco-conscious,2,46.834170854271356,46.834170854271356,11.42369849246231,28.559246231155775
2021,Tamil Nadu,3W,63904,5.1,901,1,40000-60000,36-45,Semi-Urban,Luxury-focused,0,45.27638190954774,45.27638190954774,7.409095477386933,18.522738693467332
2021,Tamil Nadu,4W,74551,11.35,64,1,<20000,36-45,Urban,Cost-conscious,2,3.2160804020100504,3.2160804020100504,11.71502512562814,29.28756281407035
2021,Gujarat,2W,13366,2.05,965,1,60000-100000,36-45,Urban,Eco-conscious,3,48.49246231155779,48.49246231155779,3.0440954773869344,7.610238693467336
2021,Gujarat,3W,35126,8.44,935,1,40000-60000,46-60,Rural,Cost-conscious,2,46.984924623115575,46.984924623115575,12.405527638190955,31.013819095477388
2021,Gujarat,4W,59321,6.27,406,1,60000-100000,26-35,Rural,Tech-savvy,2,20.402010050251256,20.402010050251256,7.549206030150754,18.873015075376884
2021,Uttar Pradesh,2W,28464,3.46,1583,1,20000-40000,36-45,Semi-Urban,Practical,3,79.54773869346734,79.54773869346734,6.21235175879397,15.530879396984925
2021,Uttar Pradesh,3W,7413,3.17,537,1,60000-100000,46-60,Rural,Practical,3,26.98492462311558,26.98492462311558,4.025422110552763,10.063555276381908
2021,Uttar Pradesh,4W,11723,0.88,1499,1,40000-60000,18-25,Rural,Luxury-focused,3,75.32663316582915,75.32663316582915,1.5428743718592965,3.8571859296482414
2021,West Bengal,2W,35065,2.71,444,1,40000-60000,26-35,Semi-Urban,Practical,3,22.311557788944725,22.311557788944725,3.3146432160804022,8.286608040201006
2021,West Bengal,3W,52681,7.27,1867,1,>100000,46-60,Rural,Practical,0,93.81909547738694,93.81909547738694,14.09064824120603,35.22662060301507
2021,West Bengal,4W,7359,10.39,1170,1,60000-100000,36-45,Semi-Urban,Luxury-focused,2,58.79396984924623,58.79396984924623,16.498693467336683,41.246733668341705
2021,Rajasthan,2W,51575,10.13,213,1,<20000,46-60,Semi-Urban,Tech-savvy,2,10.703517587939698,10.703517587939698,11.214266331658292,28.03566582914573
2021,Rajasthan,3W,34896,10.98,857,1,20000-40000,60+,Semi-Urban,Eco-conscious,2,43.06532663316583,43.06532663316583,15.708572864321608,39.27143216080402
2021,Rajasthan,4W,58685,7.25,65,1,20000-40000,36-45,Urban,Luxury-focused,2,3.2663316582914574,3.2663316582914574,7.486809045226131,18.71702261306533
2021,Punjab,2W,13738,8.64,328,1,40000-60000,18-25,Urban,Practical,2,16.482412060301506,16.482412060301506,10.06408040201005,25.160201005025126
2021,Punjab,3W,73341,9.53,482,1,60000-100000,46-60,Rural,Tech-savvy,0,24.22110552763819,24.22110552763819,11.838271356783919,29.595678391959797
2021,Punjab,4W,63284,10.68,1699,1,20000-40000,60+,Semi-Urban,Cost-conscious,0,85.37688442211055,85.37688442211055,19.798251256281407,49.495628140703516
2021,Telangana,2W,49680,9.16,399,1,60000-100000,26-35,Semi-Urban,Tech-savvy,2,20.050251256281406,20.050251256281406,10.996603015075378,27.491507537688445
2021,Telangana,3W,37590,9.22,1581,1,>100000,26-35,Semi-Urban,Practical,2,79.44723618090453,79.44723618090453,16.5450351758794,41.3625879396985
2021,Telangana,4W,46700,7.91,1958,1,<20000,18-25,Rural,Luxury-focused,0,98.39195979899498,98.39195979899498,15.692804020100503,39.23201005025126
2022,Delhi,2W,33540,8.74,1603,1,>100000,26-35,Urban,Practical,2,80.55276381909547,80.55276381909547,15.780311557788945,39.450778894472364
2022,Delhi,3W,79123,9.82,802,1,40000-60000,46-60,Rural,Tech-savvy,0,40.301507537688444,40.301507537688444,13.777608040201006,34.44402010050251
2022,Delhi,4W,9497,10.82,822,1,60000-100000,18-25,Urban,Eco-conscious,2,41.30653266331658,41.30653266331658,15.289366834170854,38.22341708542714
2022,Maharashtra,2W,28830,8.55,773,1,<20000,18-25,Semi-Urban,Eco-conscious,2,38.84422110552764,38.84422110552764,11.871180904522614,29.677952261306537
2022,Maharashtra,3W,39389,7.19,29,1,60000-100000,46-60,Rural,Luxury-focused,2,1.4572864321608041,1.4572864321608041,7.294778894472363,18.236947236180907
2022,Maharashtra,4W,89908,6.22,688,1,<20000,46-60,Semi-Urban,Tech-savvy,0,34.57286432160804,34.57286432160804,8.37043216080402,20.92608040201005
2022,Karnataka,2W,66054,5.13,1539,1,60000-100000,26-35,Urban,Luxury-focused,0,77.33668341708542,77.33668341708542,9.097371859296484,22.74342964824121
2022,Karnataka,3W,37149,1.28,1547,1,40000-60000,60+,Urban,Cost-conscious,3,77.73869346733669,77.73869346733669,2.2750552763819094,5.6876381909547735
2022,Karnataka,4W,37323,1.79,113,1,40000-60000,36-45,Rural,Eco-conscious,3,5.678391959798995,5.678391959798995,1.8916432160804022,4.729108040201005
2022,Tamil Nadu,2W,9618,10.73,1625,1,60000-100000,36-45,Semi-Urban,Cost-conscious,2,81.65829145728644,81.65829145728644,19.491934673366835,48.72983668341709
2022,Tamil Nadu,3W,55353,8.44,154,1,>100000,60+,Rural,Practical,2,7.738693467336684,7.738693467336684,9.093145728643217,22.73286432160804
2022,Tamil Nadu,4W,10339,11.32,1929,1,<20000,36-45,Rural,Practical,2,96.93467336683416,96.93467336683416,22.293005025125627,55.732512562814065
2022,Gujarat,2W,19163,11.47,374,1,<20000,46-60,Rural,Tech-savvy,2,18.79396984924623,18.79396984924623,13.625668341708545,34.06417085427136
2022,Gujarat,3W,30354,1.17,302,1,60000-100000,18-25,Semi-Urban,Practical,3,15.175879396984925,15.175879396984925,1.3475577889447234,3.3688944723618084
2022,Gujarat,4W,22874,4.83,1210,1,>100000,36-45,Rural,Tech-savvy,3,60.80402010050251,60.80402010050251,7.7668341708542705,19.417085427135675
2022,Uttar Pradesh,2W,69230,4.49,1783,1,60000-100000,46-60,Rural,Cost-conscious,0,89.59798994974875,89.59798994974875,8.512949748743718,21.282374371859298
2022,Uttar Pradesh,3W,87989,5.05,793,1,40000-60000,60+,Urban,Cost-conscious,0,39.849246231155774,39.849246231155774,7.062386934673366,17.655967336683418
2022,Uttar Pradesh,4W,43297,2.51,1735,1,<20000,18-25,Rural,Practical,3,87.1859296482412,87.1859296482412,4.698366834170854,11.745917085427136
2022,West Bengal,2W,6028,10.61,1359,1,>100000,18-25,Semi-Urban,Eco-conscious,2,68.29145728643215,68.29145728643215,17.85572361809045,44.63930904522613
2022,West Bengal,3W,36556,6.83,109,1,>100000,46-60,Rural,Practical,2,5.477386934673366,5.477386934673366,7.204105527638191,18.010263819095478
2022,West Bengal,4W,25578,1.59,1674,1,40000-60000,60+,Rural,Cost-conscious,3,84.12060301507537,84.12060301507537,2.9275175879396986,7.318793969849247
2022,Rajasthan,2W,85721,8.33,525,1,<20000,46-60,Urban,Cost-conscious,0,26.38190954773869,26.38190954773869,10.527613065326634,26.319032663316584
2022,Rajasthan,3W,19050,8.41,513,1,60000-100000,46-60,Urban,Eco-conscious,2,25.778894472361806,25.778894472361806,10.578005025125629,26.44501256281407
2022,Rajasthan,4W,8289,7.82,769,1,20000-40000,46-60,Semi-Urban,Practical,2,38.64321608040201,38.64321608040201,10.841899497487438,27.104748743718595
2022,Punjab,2W,54528,7.52,1047,1,60000-100000,46-60,Rural,Tech-savvy,0,52.61306532663317,52.61306532663317,11.476502512562814,28.691256281407036
2022,Punjab,3W,31000,4.5,361,1,<20000,18-25,Rural,Practical,3,18.140703517587937,18.140703517587937,5.316331658291458,13.290829145728644
2022,Punjab,4W,15205,6.85,1145,1,20000-40000,46-60,Rural,Eco-conscious,2,57.537688442211056,57.537688442211056,10.791331658291456,26.97832914572864
2022,Telangana,2W,88275,8.38,541,1,<20000,46-60,Rural,Cost-conscious,0,27.18592964824121,27.18592964824121,10.658180904522613,26.64545226130653
2022,Telangana,3W,7470,7.09,606,1,60000-100000,46-60,Semi-Urban,Eco-conscious,2,30.452261306532662,30.452261306532662,9.249065326633167,23.122663316582916
2022,Telangana,4W,58523,10.91,1801,1,20000-40000,36-45,Rural,Tech-savvy,0,90.50251256281408,90.50251256281408,20.783824120603015,51.95956030150754
2023,Delhi,2W,24620,2.4,889,1,>100000,36-45,Rural,Luxury-focused,3,44.67336683417085,44.67336683417085,3.4721608040201004,8.680402010050251
2023,Delhi,3W,84823,2.21,1247,1,20000-40000,46-60,Urban,Cost-conscious,0,62.663316582914575,62.663316582914575,3.594859296482412,8.98714824120603
2023,Delhi,4W,4291,10.72,1604,1,60000-100000,46-60,Semi-Urban,Practical,2,80.60301507537689,80.60301507537689,19.360643216080405,48.40160804020101
2023,Maharashtra,2W,53057,9.7,949,1,60000-100000,60+,Semi-Urban,Tech-savvy,2,47.688442211055275,47.688442211055275,14.32577889447236,35.814447236180904
2023,Maharashtra,3W,52918,4.9,1916,1,20000-40000,36-45,Semi-Urban,Luxury-focused,0,96.28140703517587,96.28140703517587,9.617788944723618,24.044472361809042
2023,Maharashtra,4W,46430,5.54,1274,1,20000-40000,46-60,Semi-Urban,Cost-conscious,0,64.02010050251256,64.02010050251256,9.086713567839196,22.71678391959799
2023,Karnataka,2W,58268,11.26,1129,1,60000-100000,36-45,Urban,Eco-conscious,2,56.733668341708544,56.733668341708544,17.64821105527638,44.12052763819095
2023,Karnataka,3W,85249,5.22,1984,1,<20000,26-35,Urban,Cost-conscious,0,99.69849246231156,99.69849246231156,10.424261306532664,26.06065326633166
2023,Karnataka,4W,64699,11.57,1914,1,<20000,26-35,Urban,Tech-savvy,0,96.18090452261306,96.18090452261306,22.698130653266333,56.74532663316583
2023,Tamil Nadu,2W,76041,2.87,1538,1,40000-60000,46-60,Urban,Practical,0,77.28643216080403,77.28643216080403,5.088120603015076,12.720301507537691
2023,Tamil Nadu,3W,71853,3.51,1881,1,<20000,46-60,Semi-Urban,Eco-conscious,0,94.52261306532664,94.52261306532664,6.827743718592965,17.06935929648241
2023,Tamil Nadu,4W,33134,4.83,1366,1,40000-60000,36-45,Urban,Luxury-focused,3,68.64321608040201,68.64321608040201,8.145467336683417,20.363668341708543
2023,Gujarat,2W,44460,1.24,663,1,40000-60000,46-60,Semi-Urban,Eco-conscious,3,33.31658291457286,33.31658291457286,1.6531256281407036,4.132814070351759
2023,Gujarat,3W,61121,5.14,114,1,40000-60000,36-45,Semi-Urban,Practical,2,5.728643216080402,5.728643216080402,5.434452261306532,13.58613065326633
2023,Gujarat,4W,14960,5.34,1550,1,40000-60000,60+,Urban,Tech-savvy,3,77.88944723618091,77.88944723618091,9.49929648241206,23.74824120603015
2023,Uttar Pradesh,2W,21835,3.39,216,1,40000-60000,60+,Rural,Luxury-focused,3,10.854271356783919,10.854271356783919,3.757959798994975,9.394899497487438
2023,Uttar Pradesh,3W,40290,11.69,630,1,60000-100000,36-45,Semi-Urban,Eco-conscious,2,31.65829145728643,31.65829145728643,15.390854271356783,38.47713567839196
2023,Uttar Pradesh,4W,38505,2.56,286,1,40000-60000,46-60,Rural,Eco-conscious,3,14.37185929648241,14.37185929648241,2.9279195979899497,7.3197989949748745
2023,West Bengal,2W,52742,2.44,94,1,40000-60000,18-25,Semi-Urban,Eco-conscious,3,4.723618090452261,4.723618090452261,2.555256281407035,6.388140703517587
2023,West Bengal,3W,11089,3.38,1542,1,20000-40000,18-25,Semi-Urban,Cost-conscious,3,77.48743718592965,77.48743718592965,5.999075376884422,14.997688442211054
2023,West Bengal,4W,19948,3.88,1117,1,20000-40000,36-45,Urban,Tech-savvy,3,56.130653266331656,56.130653266331656,6.057869346733669,15.144673366834171
2023,Rajasthan,2W,36396,8.38,946,1,20000-40000,36-45,Rural,Cost-conscious,2,47.537688442211056,47.537688442211056,12.363658291457286,30.909145728643214
2023,Rajasthan,3W,71301,9.95,1097,1,20000-40000,46-60,Rural,Eco-conscious,0,55.12562814070352,55.12562814070352,15.434999999999999,38.5875
2023,Rajasthan,4W,77580,1.12,1948,1,60000-100000,36-45,Rural,Luxury-focused,0,97.8894472361809,97.8894472361809,2.2163618090452264,5.540904522613066
2023,Punjab,2W,61484,6.0,1337,1,<20000,36-45,Urban,Luxury-focused,0,67.1859296482412,67.1859296482412,10.031155778894473,25.07788944723618
2023,Punjab,3W,9040,5.99,295,1,20000-40000,18-25,Urban,Cost-conscious,2,14.824120603015075,14.824120603015075,6.877964824120603,17.194912060301508
2023,Punjab,4W,28512,11.14,46,1,>100000,46-60,Rural,Eco-conscious,2,2.3115577889447234,2.3115577889447234,11.397507537688442,28.493768844221105
2023,Telangana,2W,16707,1.19,269,1,40000-60000,36-45,Rural,Practical,3,13.517587939698492,13.517587939698492,1.350859296482412,3.37714824120603
2023,Telangana,3W,43361,4.08,162,1,>100000,18-25,Rural,Eco-conscious,3,8.140703517587939,8.140703517587939,4.412140703517588,11.03035175879397
2023,Telangana,4W,86101,4.38,1489,1,20000-40000,46-60,Urban,Eco-conscious,0,74.82412060301507,74.82412060301507,7.657296482412061,19.143241206030154
2024,Delhi,2W,8302,5.35,1082,1,40000-60000,46-60,Urban,Cost-conscious,3,54.37185929648242,54.37185929648242,8.258894472361808,20.64723618090452
2024,Delhi,3W,42620,5.73,212,1,>100000,26-35,Semi-Urban,Practical,2,10.65326633165829,10.65326633165829,6.34043216080402,15.85108040201005
2024,Delhi,4W,35208,9.79,1397,1,60000-100000,26-35,Semi-Urban,Luxury-focused,2,70.20100502512562,70.20100502512562,16.662678391959798,41.656695979899496
2024,Maharashtra,2W,5080,1.51,906,1,40000-60000,46-60,Urban,Cost-conscious,3,45.527638190954775,45.527638190954775,2.197467336683417,5.493668341708543
2024,Maharashtra,3W,14134,1.4,96,1,40000-60000,46-60,Semi-Urban,Luxury-focused,3,4.824120603015075,4.824120603015075,1.4675376884422109,3.668844221105527
2024,Maharashtra,4W,62839,11.58,668,1,60000-100000,36-45,Urban,Luxury-focused,2,33.5678391959799,33.5678391959799,15.467155778894472,38.66788944723618
2024,Karnataka,2W,41480,3.37,798,1,20000-40000,46-60,Urban,Eco-conscious,3,40.10050251256281,40.10050251256281,4.721386934673367,11.803467336683418
2024,Karnataka,3W,22492,1.67,1605,1,>100000,60+,Semi-Urban,Eco-conscious,3,80.65326633165829,80.65326633165829,3.016909547738693,7.542273869346733
2024,Karnataka,4W,72671,8.67,599,1,<20000,60+,Semi-Urban,Practical,0,30.100502512562816,30.100502512562816,11.279713567839197,28.199283919597992
2024,Tamil Nadu,2W,60273,9.06,1581,1,20000-40000,36-45,Semi-Urban,Cost-conscious,0,79.44723618090453,79.44723618090453,16.25791959798995,40.64479899497488
2024,Tamil Nadu,3W,62595,7.2,1328,1,20000-40000,46-60,Rural,Practical,0,66.73366834170854,66.73366834170854,12.004824120603015,30.01206030150754
2024,Tamil Nadu,4W,11665,9.21,395,1,40000-60000,18-25,Semi-Urban,Practical,2,19.849246231155778,19.849246231155778,11.038115577889448,27.59528894472362
2024,Gujarat,2W,23119,8.44,171,1,<20000,46-60,Rural,Cost-conscious,2,8.592964824120603,8.592964824120603,9.165246231155777,22.913115577889442
2024,Gujarat,3W,41374,9.11,627,1,40000-60000,60+,Rural,Luxury-focused,2,31.507537688442213,31.507537688442213,11.980336683417084,29.95084170854271
2024,Gujarat,4W,75323,5.13,359,1,>100000,26-35,Rural,Tech-savvy,0,18.040201005025125,18.040201005025125,6.055462311557789,15.138655778894472
2024,Uttar Pradesh,2W,10126,2.9,353,1,20000-40000,46-60,Semi-Urban,Practical,3,17.738693467336685,17.738693467336685,3.414422110552764,8.53605527638191
2024,Uttar Pradesh,3W,23209,4.12,1352,1,>100000,46-60,Semi-Urban,Practical,3,67.93969849246231,67.93969849246231,6.919115577889447,17.297788944723617
2024,Uttar Pradesh,4W,81095,10.24,1209,1,60000-100000,18-25,Rural,Luxury-focused,0,60.7537688442211,60.7537688442211,16.46118592964824,41.1529648241206
2024,West Bengal,2W,23955,10.48,366,1,40000-60000,26-35,Urban,Practical,2,18.391959798994975,18.391959798994975,12.407477386934673,31.018693467336682
2024,West Bengal,3W,29549,9.87,1287,1,20000-40000,26-35,Urban,Eco-conscious,2,64.67336683417085,64.67336683417085,16.25326130653266,40.633153266331654
2024,West Bengal,4W,45509,4.63,570,1,20000-40000,18-25,Rural,Practical,3,28.643216080402013,28.643216080402013,5.956180904522613,14.890452261306532
2024,Rajasthan,2W,55010,1.88,652,1,<20000,26-35,Urban,Practical,3,32.76381909547739,32.76381909547739,2.4959597989949747,6.239899497487436
2024,Rajasthan,3W,40881,10.56,621,1,60000-100000,26-35,Semi-Urban,Tech-savvy,2,31.206030150753765,31.206030150753765,13.855356783919598,34.638391959798994
2024,Rajasthan,4W,25453,1.91,1344,1,40000-60000,60+,Semi-Urban,Eco-conscious,3,67.53768844221105,67.53768844221105,3.199969849246231,7.999924623115577
2024,Punjab,2W,88891,8.76,218,1,40000-60000,36-45,Semi-Urban,Eco-conscious,0,10.954773869346733,10.954773869346733,9.719638190954774,24.299095477386935
2024,Punjab,3W,43928,6.3,17,1,<20000,18-25,Rural,Practical,2,0.8542713567839196,0.8542713567839196,6.353819095477386,15.884547738693463
2024,Punjab,4W,56964,8.45,1306,1,<20000,26-35,Semi-Urban,Practical,0,65.62814070351759,65.62814070351759,13.995577889447235,34.98894472361809
2024,Telangana,2W,53426,0.56,1927,1,60000-100000,18-25,Semi-Urban,Cost-conscious,3,96.83417085427136,96.83417085427136,1.1022713567839197,2.7556783919597994
2024,Telangana,3W,23778,9.28,1990,1,20000-40000,46-60,Semi-Urban,Luxury-focused,2,100.0,100.0,18.56,46.4
2024,Telangana,4W,63893,10.74,676,1,20000-40000,60+,Semi-Urban,Eco-conscious,2,33.969849246231156,33.969849246231156,14.388361809045227,35.97090452261307
2025,Delhi,2W,70544,3.94,273,1,40000-60000,26-35,Urban,Practical,0,13.71859296482412,13.71859296482412,4.48051256281407,11.201281407035175
2025,Delhi,3W,16204,4.37,975,1,<20000,46-60,Urban,Tech-savvy,3,48.99497487437186,48.99497487437186,6.51108040201005,16.277701005025126
2025,Delhi,4W,28529,1.42,314,1,60000-100000,26-35,Semi-Urban,Luxury-focused,3,15.77889447236181,15.77889447236181,1.6440603015075375,4.110150753768844
2025,Maharashtra,2W,81364,8.41,1799,1,<20000,18-25,Rural,Cost-conscious,0,90.40201005025126,90.40201005025126,16.01280904522613,40.03202261306533
2025,Maharashtra,3W,9227,1.9,980,1,>100000,60+,Semi-Urban,Tech-savvy,3,49.246231155778894,49.246231155778894,2.8356783919597985,7.089195979899497
2025,Maharashtra,4W,32755,6.12,1128,1,60000-100000,18-25,Semi-Urban,Tech-savvy,3,56.68341708542714,56.68341708542714,9.58902512562814,23.97256281407035
2025,Karnataka,2W,81287,2.05,1812,1,60000-100000,36-45,Urban,Cost-conscious,0,91.05527638190955,91.05527638190955,3.9166331658291456,9.791582914572864
2025,Karnataka,3W,42054,3.76,687,1,>100000,36-45,Rural,Cost-conscious,3,34.52261306532664,34.52261306532664,5.058050251256281,12.645125628140704
2025,Karnataka,4W,65328,8.68,1818,1,<20000,26-35,Rural,Eco-conscious,0,91.356783919598,91.356783919598,16.609768844221108,41.52442211055277
2025,Tamil Nadu,2W,36236,8.3,1876,1,<20000,36-45,Urban,Practical,0,94.2713567839196,94.2713567839196,16.124522613065327,40.311306532663316
2025,Tamil Nadu,3W,47068,8.59,859,1,40000-60000,26-35,Urban,Luxury-focused,2,43.165829145728644,43.165829145728644,12.29794472361809,30.744861809045222
2025,Tamil Nadu,4W,51886,3.16,514,1,40000-60000,18-25,Urban,Tech-savvy,3,25.829145728643216,25.829145728643216,3.9762010050251257,9.940502512562814
2025,Gujarat,2W,54515,10.09,1379,1,>100000,26-35,Rural,Eco-conscious,0,69.2964824120603,69.2964824120603,17.082015075376884,42.70503768844221
2025,Gujarat,3W,63605,11.3,1921,1,20000-40000,36-45,Semi-Urban,Tech-savvy,0,96.53266331658291,96.53266331658291,22.208190954773873,55.52047738693468
2025,Gujarat,4W,25011,2.49,909,1,60000-100000,46-60,Semi-Urban,Eco-conscious,3,45.678391959799,45.678391959799,3.627391959798995,9.068479899497488
2025,Uttar Pradesh,2W,58603,9.99,453,1,40000-60000,18-25,Urban,Tech-savvy,2,22.763819095477388,22.763819095477388,12.264105527638193,30.660263819095483
2025,Uttar Pradesh,3W,1487,6.83,1030,1,40000-60000,60+,Semi-Urban,Cost-conscious,2,51.75879396984925,51.75879396984925,10.365125628140705,25.91281407035176
2025,Uttar Pradesh,4W,77241,5.31,1393,1,>100000,36-45,Semi-Urban,Practical,0,70.0,70.0,9.027,22.5675
2025,West Bengal,2W,79291,8.75,1198,1,>100000,60+,Urban,Luxury-focused,0,60.20100502512563,60.20100502512563,14.017587939698494,35.04396984924624
2025,West Bengal,3W,12787,2.75,1510,1,20000-40000,18-25,Rural,Tech-savvy,3,75.87939698492463,75.87939698492463,4.836683417085427,12.091708542713569
2025,West Bengal,4W,18934,4.98,1766,1,60000-100000,26-35,Rural,Practical,3,88.74371859296483,88.74371859296483,9.39943718592965,23.498592964824123
2025,Rajasthan,2W,21389,2.99,1361,1,<20000,36-45,Urban,Eco-conscious,3,68.39195979899498,68.39195979899498,5.03491959798995,12.587298994974876
2025,Rajasthan,3W,38328,4.53,1643,1,>100000,60+,Rural,Tech-savvy,3,82.56281407035176,82.56281407035176,8.270095477386937,20.675238693467342
2025,Rajasthan,4W,36878,10.64,1000,1,20000-40000,46-60,Urban,Eco-conscious,2,50.25125628140703,50.25125628140703,15.986733668341708,39.96683417085427
2025,Punjab,2W,36235,4.75,1810,1,60000-100000,18-25,Semi-Urban,Luxury-focused,3,90.95477386934674,90.95477386934674,9.07035175879397,22.675879396984925
2025,Punjab,3W,82683,8.65,1301,1,40000-60000,26-35,Semi-Urban,Tech-savvy,0,65.37688442211055,65.37688442211055,14.305100502512563,35.762751256281405
2025,Punjab,4W,71124,3.51,1422,1,<20000,36-45,Rural,Tech-savvy,0,71.4572864321608,71.4572864321608,6.018150753768844,15.04537688442211
2025,Telangana,2W,83019,1.7,771,1,60000-100000,18-25,Urban,Practical,0,38.743718592964825,38.743718592964825,2.3586432160804023,5.896608040201006
2025,Telangana,3W,28437,11.34,1203,1,<20000,18-25,Rural,Tech-savvy,2,60.45226130653266,60.45226130653266,18.195286432160806,45.48821608040201
2025,Telangana,4W,34031,8.88,139,1,<20000,18-25,Urban,Eco-conscious,2,6.984924623115578,6.984924623115578,9.500261306532664,23.75065326633166
